,age,alcohol,health,scenario,actual,pred,pred_weighted_majority
0,0,1,1,Random,0,1,1
1,-1,0,1,Drinking + Health,0,0,0
2,1,-1,0,Age + Health,1,0,1
3,-1,0,-1,Drinking,0,0,0
4,1,-1,-1,Age,1,1,1
5,1,0,1,Random,1,1,1
6,1,-1,1,Age + Health,0,1,1
7,-1,-1,1,Health,1,1,1
8,1,-1,-1,Age,1,1,1
9,1,0,1,Random,0,1,1
10,-1,-1,0,Health,1,0,0
11,0,-1,-1,Age,0,0,0
12,0,-1,1,Age + Health,0,0,0
13,1,1,-1,Age + Drinking,1,1,1
14,-1,0,-1,Drinking,0,0,0
15,0,-1,-1,Age,0,0,0
16,-1,1,-1,Drinking,1,1,1
17,0,0,-1,Age + Drinking,0,0,0
18,0,-1,-1,Age,0,0,0
19,-1,1,0,Drinking + Health,1,0,1
20,1,-1,-1,Age,1,1,1
21,0,-1,0,Age + Health,0,0,0
22,0,-1,1,Age + Health,0,0,0
23,1,0,1,Random,0,1,1
24,-1,-1,0,Health,0,0,0
25,-1,1,-1,Drinking,1,1,1
26,0,1,1,Random,0,1,1
27,-1,-1,0,Health,0,0,0
28,0,-1,1,Age + Health,0,0,0
29,0,-1,-1,Age,0,0,0
30,-1,1,-1,Drinking,1,1,1
31,1,1,1,Random,1,1,1
32,0,1,-1,Age + Drinking,1,0,0
33,1,-1,-1,Age,1,1,1
34,-1,1,0,Drinking + Health,1,0,1
35,1,-1,0,Age + Health,1,0,1
36,0,0,1,Random,1,0,0
37,0,1,0,Random,1,0,0
38,1,0,-1,Age + Drinking,0,0,1
39,-1,1,-1,Drinking,1,1,1
40,-1,0,1,Drinking + Health,0,0,0
41,0,0,0,Random,0,0,0
42,1,0,1,Random,0,1,1
43,-1,0,-1,Drinking,1,0,0
44,0,-1,1,Age + Health,0,0,0
45,1,-1,-1,Age,1,1,1
46,-1,0,-1,Drinking,0,0,0
47,1,1,1,Random,1,1,1
48,-1,0,-1,Drinking,0,0,0
49,0,-1,1,Age + Health,0,0,0
50,1,-1,1,Age + Health,1,1,1
51,1,-1,1,Age + Health,1,1,1
52,0,-1,0,Age + Health,0,0,0
53,0,-1,0,Age + Health,0,0,0
54,0,-1,-1,Age,0,0,0
55,-1,-1,1,Health,1,1,1
56,-1,-1,0,Health,0,0,0
57,1,-1,1,Age + Health,1,1,1
58,-1,-1,0,Health,0,0,0
59,0,-1,0,Age + Health,0,0,0
60,1,-1,-1,Age,1,1,1
61,1,-1,0,Age + Health,1,0,1
62,0,-1,-1,Age,0,0,0
63,-1,-1,1,Health,1,1,1
64,-1,1,0,Drinking + Health,1,0,1
65,-1,0,-1,Drinking,0,0,0
66,1,-1,0,Age + Health,1,0,1
67,-1,0,0,Drinking + Health,0,0,0
68,0,-1,0,Age + Health,0,0,0
69,1,0,0,Random,0,0,0
70,0,-1,-1,Age,0,0,0
71,-1,0,-1,Drinking,0,0,0
72,1,1,-1,Age + Drinking,1,1,1
73,-1,0,0,Drinking + Health,0,0,0
74,1,-1,-1,Age,1,1,1
75,1,-1,0,Age + Health,1,0,1
76,0,-1,0,Age + Health,0,0,0
77,-1,0,-1,Drinking,0,0,0
78,-1,0,-1,Drinking,0,0,0
79,1,1,1,Random,1,1,1
80,1,0,-1,Age + Drinking,1,0,1
81,1,-1,1,Age + Health,1,1,1
82,1,-1,0,Age + Health,1,0,1
83,0,-1,-1,Age,0,0,0
84,0,-1,-1,Age,0,0,0
85,-1,1,-1,Drinking,1,1,1
86,1,1,-1,Age + Drinking,1,1,1
87,1,0,-1,Age + Drinking,1,0,1
88,-1,0,-1,Drinking,0,0,0
89,-1,1,-1,Drinking,1,1,1
90,-1,-1,1,Health,1,1,1
91,0,-1,0,Age + Health,0,0,0
92,0,1,0,Random,0,0,0
93,0,1,1,Random,1,1,1
94,1,-1,-1,Age,1,1,1
95,-1,0,1,Drinking + Health,0,0,0
96,0,-1,-1,Age,0,0,0
97,-1,1,1,Drinking + Health,1,1,1
98,1,-1,0,Age + Health,0,0,1
99,1,1,0,Random,1,1,1
100,0,0,-1,Age + Drinking,0,0,0
101,-1,0,-1,Drinking,0,0,0
102,1,-1,1,Age + Health,1,1,1
103,1,1,-1,Age + Drinking,0,1,1
104,1,-1,-1,Age,1,1,1
105,1,-1,-1,Age,1,1,1
106,1,0,-1,Age + Drinking,0,0,1
107,0,0,0,Random,0,0,0
108,0,0,-1,Age + Drinking,0,0,0
109,0,-1,1,Age + Health,0,0,0
110,1,0,-1,Age + Drinking,1,0,1
111,-1,-1,0,Health,0,0,0
112,-1,1,0,Drinking + Health,1,0,1
113,0,-1,1,Age + Health,0,0,0
114,0,-1,-1,Age,0,0,0
115,1,0,1,Random,1,1,1
116,-1,0,-1,Drinking,0,0,0
117,0,-1,-1,Age,0,0,0
118,-1,-1,1,Health,1,1,1
119,-1,-1,0,Health,0,0,0
120,-1,1,-1,Drinking,1,1,1
121,0,-1,-1,Age,0,0,0
122,1,-1,0,Age + Health,1,0,1
123,1,0,-1,Age + Drinking,0,0,1
124,1,1,0,Random,1,1,1
125,0,0,-1,Age + Drinking,0,0,0
126,1,-1,-1,Age,1,1,1
127,-1,0,-1,Drinking,0,0,0
128,-1,1,1,Drinking + Health,1,1,1
129,-1,-1,1,Health,1,1,1
130,1,-1,0,Age + Health,1,0,1
131,-1,0,0,Drinking + Health,0,0,0
132,-1,1,0,Drinking + Health,1,0,1
133,0,1,-1,Age + Drinking,0,0,0
134,-1,0,-1,Drinking,0,0,0
135,-1,0,-1,Drinking,0,0,0
136,-1,1,-1,Drinking,1,1,1
137,0,1,1,Random,0,1,1
138,-1,0,1,Drinking + Health,1,0,0
139,0,1,0,Random,0,0,0
140,1,-1,-1,Age,1,1,1
141,1,-1,-1,Age,1,1,1
142,-1,1,1,Drinking + Health,1,1,1
143,-1,0,-1,Drinking,0,0,0
144,-1,0,1,Drinking + Health,0,0,0
145,-1,1,-1,Drinking,1,1,1
146,-1,1,-1,Drinking,1,1,1
147,1,0,-1,Age + Drinking,1,0,1
148,0,0,-1,Age + Drinking,0,0,0
149,0,-1,1,Age + Health,0,0,0
150,0,-1,-1,Age,0,0,0
151,-1,0,1,Drinking + Health,0,0,0
152,0,-1,0,Age + Health,0,0,0
153,-1,1,1,Drinking + Health,1,1,1
154,1,-1,0,Age + Health,1,0,1
155,-1,1,-1,Drinking,1,1,1
156,-1,0,0,Drinking + Health,0,0,0
157,0,0,-1,Age + Drinking,0,0,0
158,-1,-1,1,Health,1,1,1
159,1,0,-1,Age + Drinking,1,0,1
160,-1,-1,1,Health,1,1,1
161,-1,1,0,Drinking + Health,1,0,1
162,0,-1,-1,Age,0,0,0
163,-1,0,1,Drinking + Health,0,0,0
164,1,0,0,Random,1,0,0
165,-1,0,-1,Drinking,0,0,0
166,-1,-1,1,Health,0,1,1
167,0,1,1,Random,1,1,1
168,0,-1,1,Age + Health,1,0,0
169,1,1,0,Random,1,1,1
170,1,-1,-1,Age,1,1,1
171,1,0,0,Random,0,0,0
172,-1,0,0,Drinking + Health,0,0,0
173,0,1,-1,Age + Drinking,0,0,0
174,-1,1,-1,Drinking,0,1,1
175,-1,-1,0,Health,0,0,0
176,-1,-1,1,Health,1,1,1
177,-1,-1,0,Health,0,0,0
178,0,0,0,Random,0,0,0
179,-1,0,1,Drinking + Health,1,0,0
180,-1,-1,1,Health,1,1,1
181,1,-1,0,Age + Health,1,0,1
182,-1,0,-1,Drinking,0,0,0
183,1,0,-1,Age + Drinking,0,0,1
184,1,1,1,Random,1,1,1
185,1,1,1,Random,1,1,1
186,1,0,1,Random,1,1,1
187,1,1,-1,Age + Drinking,1,1,1
188,0,-1,-1,Age,0,0,0
189,0,1,0,Random,0,0,0
190,0,-1,-1,Age,0,0,0
191,-1,1,-1,Drinking,1,1,1
192,-1,0,-1,Drinking,0,0,0
193,-1,-1,0,Health,0,0,0
194,1,-1,-1,Age,1,1,1
195,1,1,-1,Age + Drinking,1,1,1
196,1,1,0,Random,1,1,1
197,0,1,-1,Age + Drinking,1,0,0
198,-1,1,-1,Drinking,1,1,1
199,-1,0,0,Drinking + Health,0,0,0
200,0,-1,1,Age + Health,0,0,0
201,-1,1,1,Drinking + Health,1,1,1
202,1,-1,-1,Age,1,1,1
203,-1,1,-1,Drinking,1,1,1
204,1,1,-1,Age + Drinking,1,1,1
205,0,-1,-1,Age,1,0,0
206,0,0,-1,Age + Drinking,0,0,0
207,1,-1,0,Age + Health,1,0,1
208,1,-1,-1,Age,1,1,1
209,-1,1,-1,Drinking,1,1,1
210,1,1,-1,Age + Drinking,1,1,1
211,1,1,1,Random,1,1,1
212,1,-1,0,Age + Health,0,0,1
213,-1,0,1,Drinking + Health,0,0,0
214,1,1,0,Random,1,1,1
215,0,-1,-1,Age,0,0,0
216,1,-1,-1,Age,1,1,1
217,1,1,1,Random,1,1,1
218,-1,0,0,Drinking + Health,1,0,0
219,1,-1,0,Age + Health,1,0,1
220,1,0,-1,Age + Drinking,1,0,1
221,1,-1,-1,Age,1,1,1
222,-1,-1,0,Health,0,0,0
223,0,0,1,Random,0,0,0
224,-1,-1,1,Health,0,1,1
225,-1,1,-1,Drinking,1,1,1
226,1,-1,-1,Age,1,1,1
227,-1,-1,0,Health,0,0,0
228,1,0,1,Random,0,1,1
229,0,0,-1,Age + Drinking,0,0,0
230,1,-1,1,Age + Health,0,1,1
231,1,-1,-1,Age,1,1,1
232,-1,0,-1,Drinking,0,0,0
233,-1,-1,1,Health,1,1,1
234,0,1,-1,Age + Drinking,1,0,0
235,-1,0,-1,Drinking,0,0,0
236,1,-1,0,Age + Health,1,0,1
237,1,0,-1,Age + Drinking,1,0,1
238,0,-1,1,Age + Health,0,0,0
239,0,0,-1,Age + Drinking,0,0,0
240,-1,0,-1,Drinking,0,0,0
241,0,0,1,Random,1,0,0
242,0,0,1,Random,0,0,0
243,-1,1,-1,Drinking,1,1,1
244,0,-1,-1,Age,0,0,0
245,0,0,1,Random,0,0,0
246,-1,1,1,Drinking + Health,1,1,1
247,1,-1,1,Age + Health,0,1,1
248,0,0,1,Random,0,0,0
249,-1,-1,0,Health,0,0,0
250,-1,0,-1,Drinking,0,0,0
251,1,-1,0,Age + Health,0,0,1
252,1,1,-1,Age + Drinking,1,1,1
253,1,0,1,Random,0,1,1
254,1,-1,0,Age + Health,1,0,1
255,-1,1,-1,Drinking,1,1,1
256,1,0,-1,Age + Drinking,0,0,1
257,-1,-1,0,Health,0,0,0
258,-1,-1,0,Health,0,0,0
259,0,-1,-1,Age,0,0,0
260,1,-1,1,Age + Health,1,1,1
261,1,-1,1,Age + Health,1,1,1
262,1,-1,0,Age + Health,1,0,1
263,-1,0,-1,Drinking,0,0,0
264,0,0,0,Random,0,0,0
265,1,-1,0,Age + Health,1,0,1
266,-1,1,0,Drinking + Health,1,0,1
267,-1,0,-1,Drinking,0,0,0
268,-1,0,-1,Drinking,0,0,0
269,1,0,0,Random,0,0,0
270,1,0,1,Random,0,1,1
271,1,0,-1,Age + Drinking,0,0,1
272,-1,1,-1,Drinking,1,1,1
273,-1,-1,0,Health,1,0,0
274,0,0,0,Random,0,0,0
275,-1,-1,1,Health,1,1,1
276,-1,-1,0,Health,0,0,0
277,0,0,1,Random,0,0,0
278,0,1,-1,Age + Drinking,0,0,0
279,1,-1,0,Age + Health,1,0,1
280,0,1,-1,Age + Drinking,1,0,0
281,-1,0,1,Drinking + Health,1,0,0
282,1,1,1,Random,1,1,1
283,1,0,-1,Age + Drinking,1,0,1
284,0,1,-1,Age + Drinking,0,0,0
285,0,1,1,Random,0,1,1
286,1,-1,-1,Age,1,1,1
287,0,0,1,Random,0,0,0
288,-1,-1,1,Health,0,1,1
289,-1,1,-1,Drinking,1,1,1
290,1,-1,-1,Age,1,1,1
291,1,-1,-1,Age,1,1,1
292,-1,0,1,Drinking + Health,0,0,0
293,-1,1,1,Drinking + Health,1,1,1
294,-1,0,-1,Drinking,0,0,0
295,1,-1,-1,Age,1,1,1
296,-1,0,0,Drinking + Health,0,0,0
297,-1,-1,1,Health,1,1,1
298,0,-1,0,Age + Health,0,0,0
299,0,-1,1,Age + Health,0,0,0
300,0,-1,-1,Age,0,0,0
301,1,-1,-1,Age,1,1,1
302,0,-1,1,Age + Health,0,0,0
303,-1,0,0,Drinking + Health,0,0,0
304,0,-1,0,Age + Health,0,0,0
305,-1,-1,0,Health,1,0,0
306,0,-1,0,Age + Health,1,0,0
307,-1,1,-1,Drinking,1,1,1
308,-1,1,-1,Drinking,1,1,1
309,-1,1,-1,Drinking,1,1,1
310,1,-1,-1,Age,1,1,1
311,-1,1,0,Drinking + Health,1,0,1
312,1,0,1,Random,1,1,1
313,-1,-1,1,Health,1,1,1
314,-1,0,-1,Drinking,0,0,0
315,0,1,-1,Age + Drinking,0,0,0
316,1,-1,-1,Age,1,1,1
317,1,-1,0,Age + Health,1,0,1
318,-1,1,0,Drinking + Health,1,0,1
319,1,0,1,Random,1,1,1
320,1,1,-1,Age + Drinking,1,1,1
321,1,1,0,Random,0,1,1
322,-1,1,1,Drinking + Health,1,1,1
323,-1,0,1,Drinking + Health,1,0,0
324,1,1,0,Random,1,1,1
325,1,1,-1,Age + Drinking,1,1,1
326,0,0,-1,Age + Drinking,0,0,0
327,1,0,0,Random,0,0,0
328,-1,1,1,Drinking + Health,1,1,1
329,0,-1,-1,Age,0,0,0
330,1,-1,-1,Age,1,1,1
331,0,-1,-1,Age,0,0,0
332,-1,0,-1,Drinking,0,0,0
333,1,1,0,Random,1,1,1
334,1,-1,-1,Age,1,1,1
335,1,1,-1,Age + Drinking,1,1,1
336,-1,-1,0,Health,0,0,0
337,-1,0,1,Drinking + Health,0,0,0
338,-1,0,-1,Drinking,0,0,0
339,0,0,-1,Age + Drinking,0,0,0
340,1,0,0,Random,0,0,0
341,1,0,1,Random,0,1,1
342,0,-1,-1,Age,0,0,0
343,1,0,-1,Age + Drinking,1,0,1
344,0,-1,-1,Age,0,0,0
345,0,0,0,Random,0,0,0
346,1,-1,-1,Age,1,1,1
347,0,1,1,Random,0,1,1
348,-1,1,-1,Drinking,1,1,1
349,0,1,-1,Age + Drinking,0,0,0
350,1,-1,-1,Age,1,1,1
351,-1,1,-1,Drinking,1,1,1
352,0,1,0,Random,1,0,0
353,1,-1,-1,Age,1,1,1
354,-1,0,-1,Drinking,0,0,0
355,1,1,0,Random,1,1,1
356,0,-1,-1,Age,0,0,0
357,0,-1,-1,Age,0,0,0
358,-1,0,-1,Drinking,0,0,0
359,0,-1,-1,Age,0,0,0
360,0,1,1,Random,0,1,1
361,-1,-1,0,Health,0,0,0
362,-1,1,0,Drinking + Health,1,0,1
363,1,0,-1,Age + Drinking,1,0,1
364,0,0,-1,Age + Drinking,0,0,0
365,-1,0,1,Drinking + Health,0,0,0
366,-1,1,1,Drinking + Health,1,1,1
367,1,0,0,Random,0,0,0
368,1,1,0,Random,0,1,1
369,-1,-1,1,Health,0,1,1
370,1,-1,0,Age + Health,1,0,1
371,-1,-1,0,Health,0,0,0
372,-1,0,1,Drinking + Health,0,0,0
373,-1,1,-1,Drinking,1,1,1
374,-1,1,0,Drinking + Health,1,0,1
375,1,1,-1,Age + Drinking,1,1,1
376,0,-1,-1,Age,0,0,0
377,-1,0,0,Drinking + Health,0,0,0
378,-1,-1,0,Health,0,0,0
379,1,-1,1,Age + Health,1,1,1
380,1,-1,0,Age + Health,1,0,1
381,-1,1,-1,Drinking,1,1,1
382,-1,-1,1,Health,1,1,1
383,-1,0,0,Drinking + Health,0,0,0
384,-1,1,-1,Drinking,0,1,1
385,0,-1,0,Age + Health,0,0,0
386,1,-1,0,Age + Health,1,0,1
387,0,0,0,Random,0,0,0
388,0,-1,1,Age + Health,1,0,0
389,-1,0,-1,Drinking,0,0,0
390,-1,-1,0,Health,0,0,0
391,-1,1,1,Drinking + Health,1,1,1
392,0,-1,-1,Age,0,0,0
393,1,1,0,Random,1,1,1
394,0,-1,1,Age + Health,0,0,0
395,1,0,1,Random,0,1,1
396,-1,0,-1,Drinking,1,0,0
397,1,1,1,Random,1,1,1
398,0,-1,0,Age + Health,0,0,0
399,1,-1,0,Age + Health,1,0,1
400,1,-1,1,Age + Health,1,1,1
401,-1,-1,0,Health,0,0,0
402,1,1,-1,Age + Drinking,1,1,1
403,0,-1,-1,Age,0,0,0
404,-1,1,1,Drinking + Health,1,1,1
405,1,-1,-1,Age,1,1,1
406,0,0,1,Random,0,0,0
407,0,0,-1,Age + Drinking,0,0,0
408,-1,-1,1,Health,1,1,1
409,-1,0,1,Drinking + Health,1,0,0
410,1,-1,1,Age + Health,1,1,1
411,-1,1,0,Drinking + Health,1,0,1
412,0,-1,0,Age + Health,0,0,0
413,0,1,-1,Age + Drinking,0,0,0
414,-1,-1,0,Health,0,0,0
415,-1,1,1,Drinking + Health,1,1,1
416,-1,-1,0,Health,0,0,0
417,-1,0,0,Drinking + Health,0,0,0
418,-1,0,-1,Drinking,0,0,0
419,1,1,-1,Age + Drinking,1,1,1
420,-1,0,-1,Drinking,0,0,0
421,-1,1,-1,Drinking,1,1,1
422,1,0,0,Random,1,0,0
423,1,-1,1,Age + Health,1,1,1
424,-1,0,-1,Drinking,0,0,0
425,1,-1,0,Age + Health,1,0,1
426,1,-1,1,Age + Health,1,1,1
427,1,-1,0,Age + Health,1,0,1
428,-1,0,-1,Drinking,0,0,0
429,1,0,1,Random,1,1,1
430,-1,-1,0,Health,0,0,0
431,1,-1,0,Age + Health,1,0,1
432,1,-1,-1,Age,0,1,1
433,1,1,-1,Age + Drinking,1,1,1
434,-1,-1,0,Health,0,0,0
435,-1,0,-1,Drinking,0,0,0
436,1,-1,0,Age + Health,0,0,1
437,0,1,-1,Age + Drinking,0,0,0
438,1,0,-1,Age + Drinking,0,0,1
439,-1,1,0,Drinking + Health,0,0,1
440,-1,0,-1,Drinking,0,0,0
441,-1,-1,1,Health,1,1,1
442,0,-1,0,Age + Health,0,0,0
443,1,-1,1,Age + Health,1,1,1
444,0,-1,0,Age + Health,0,0,0
445,1,1,1,Random,1,1,1
446,-1,1,1,Drinking + Health,1,1,1
447,0,-1,-1,Age,0,0,0
448,0,-1,0,Age + Health,0,0,0
449,1,-1,0,Age + Health,1,0,1
450,-1,1,1,Drinking + Health,1,1,1
451,0,-1,-1,Age,0,0,0
452,1,-1,0,Age + Health,1,0,1
453,-1,0,1,Drinking + Health,0,0,0
454,-1,1,-1,Drinking,1,1,1
455,0,1,-1,Age + Drinking,0,0,0
456,0,-1,1,Age + Health,0,0,0
457,-1,1,0,Drinking + Health,0,0,1
458,-1,1,-1,Drinking,1,1,1
459,0,1,1,Random,1,1,1
460,1,0,1,Random,1,1,1
461,1,-1,-1,Age,1,1,1
462,1,1,1,Random,1,1,1
463,-1,-1,0,Health,0,0,0
464,-1,0,0,Drinking + Health,1,0,0
465,-1,-1,0,Health,0,0,0
466,0,1,-1,Age + Drinking,0,0,0
467,1,0,0,Random,0,0,0
468,0,0,1,Random,0,0,0
469,1,1,-1,Age + Drinking,1,1,1
470,-1,0,1,Drinking + Health,0,0,0
471,0,-1,0,Age + Health,0,0,0
472,-1,1,0,Drinking + Health,0,0,1
473,0,0,0,Random,0,0,0
474,0,0,-1,Age + Drinking,0,0,0
475,0,-1,-1,Age,0,0,0
476,-1,1,1,Drinking + Health,1,1,1
477,1,1,1,Random,1,1,1
478,0,-1,0,Age + Health,0,0,0
479,-1,1,-1,Drinking,1,1,1
480,0,1,1,Random,0,1,1
481,-1,1,1,Drinking + Health,1,1,1
482,0,-1,1,Age + Health,0,0,0
483,0,1,-1,Age + Drinking,0,0,0
484,1,0,0,Random,0,0,0
485,1,-1,1,Age + Health,1,1,1
486,-1,1,-1,Drinking,1,1,1
487,0,-1,-1,Age,0,0,0
488,0,-1,-1,Age,0,0,0
489,1,-1,1,Age + Health,1,1,1
490,0,1,-1,Age + Drinking,0,0,0
491,-1,-1,1,Health,1,1,1
492,-1,-1,1,Health,1,1,1
493,0,-1,-1,Age,0,0,0
494,-1,1,0,Drinking + Health,1,0,1
495,-1,1,1,Drinking + Health,1,1,1
496,-1,1,-1,Drinking,1,1,1
497,-1,1,0,Drinking + Health,1,0,1
498,-1,1,0,Drinking + Health,1,0,1
499,1,-1,1,Age + Health,1,1,1
500,1,-1,-1,Age,0,1,1
501,-1,0,1,Drinking + Health,0,0,0
502,-1,0,0,Drinking + Health,0,0,0
503,0,1,1,Random,0,1,1
504,0,-1,-1,Age,0,0,0
505,-1,-1,0,Health,0,0,0
506,-1,1,0,Drinking + Health,0,0,1
507,0,0,1,Random,0,0,0
508,-1,1,-1,Drinking,1,1,1
509,1,-1,-1,Age,1,1,1
510,-1,0,0,Drinking + Health,1,0,0
511,-1,1,-1,Drinking,1,1,1
512,-1,1,-1,Drinking,1,1,1
513,0,0,-1,Age + Drinking,0,0,0
514,1,-1,0,Age + Health,0,0,1
515,1,0,-1,Age + Drinking,0,0,1
516,1,-1,-1,Age,1,1,1
517,0,0,-1,Age + Drinking,0,0,0
518,-1,-1,1,Health,1,1,1
519,0,0,-1,Age + Drinking,0,0,0
520,1,-1,0,Age + Health,1,0,1
521,-1,-1,1,Health,1,1,1
522,-1,0,-1,Drinking,0,0,0
523,0,-1,0,Age + Health,0,0,0
524,-1,0,-1,Drinking,0,0,0
525,0,1,0,Random,0,0,0
526,0,-1,-1,Age,0,0,0
527,1,1,-1,Age + Drinking,0,1,1
528,-1,-1,0,Health,0,0,0
529,0,-1,0,Age + Health,0,0,0
530,0,-1,-1,Age,0,0,0
531,-1,1,-1,Drinking,1,1,1
532,0,0,1,Random,0,0,0
533,1,-1,-1,Age,1,1,1
534,-1,1,1,Drinking + Health,1,1,1
535,1,1,-1,Age + Drinking,1,1,1
536,-1,1,1,Drinking + Health,1,1,1
537,-1,1,0,Drinking + Health,0,0,1
538,1,-1,1,Age + Health,1,1,1
539,0,-1,1,Age + Health,0,0,0
540,1,0,-1,Age + Drinking,1,0,1
541,0,-1,1,Age + Health,0,0,0
542,1,-1,-1,Age,1,1,1
543,1,-1,-1,Age,1,1,1
544,0,0,-1,Age + Drinking,0,0,0
545,0,0,0,Random,0,0,0
546,1,-1,-1,Age,1,1,1
547,-1,1,-1,Drinking,1,1,1
548,-1,0,0,Drinking + Health,0,0,0
549,-1,-1,0,Health,0,0,0
550,-1,1,0,Drinking + Health,1,0,1
551,-1,-1,1,Health,1,1,1
552,-1,1,-1,Drinking,1,1,1
553,-1,-1,0,Health,0,0,0
554,1,-1,1,Age + Health,1,1,1
555,-1,-1,1,Health,0,1,1
556,0,1,-1,Age + Drinking,0,0,0
557,-1,0,-1,Drinking,0,0,0
558,1,1,-1,Age + Drinking,1,1,1
559,1,-1,-1,Age,0,1,1
560,0,1,0,Random,0,0,0
561,-1,0,-1,Drinking,0,0,0
562,-1,0,-1,Drinking,0,0,0
563,1,0,0,Random,0,0,0
564,0,1,1,Random,1,1,1
565,1,-1,1,Age + Health,0,1,1
566,-1,-1,1,Health,1,1,1
567,1,0,1,Random,0,1,1
568,0,-1,0,Age + Health,0,0,0
569,-1,1,0,Drinking + Health,1,0,1
570,-1,-1,1,Health,1,1,1
571,1,-1,0,Age + Health,0,0,1
572,-1,1,1,Drinking + Health,1,1,1
573,0,1,1,Random,1,1,1
574,1,0,1,Random,0,1,1
575,1,1,0,Random,1,1,1
576,-1,-1,0,Health,0,0,0
577,1,1,-1,Age + Drinking,1,1,1
578,-1,0,1,Drinking + Health,0,0,0
579,-1,1,-1,Drinking,1,1,1
580,-1,-1,0,Health,0,0,0
581,-1,0,1,Drinking + Health,0,0,0
582,0,-1,-1,Age,0,0,0
583,1,0,0,Random,0,0,0
584,1,1,-1,Age + Drinking,1,1,1
585,0,1,-1,Age + Drinking,0,0,0
586,1,0,-1,Age + Drinking,1,0,1
587,0,-1,-1,Age,0,0,0
588,1,1,-1,Age + Drinking,1,1,1
589,-1,1,0,Drinking + Health,0,0,1
590,1,1,-1,Age + Drinking,1,1,1
591,-1,1,0,Drinking + Health,0,0,1
592,0,-1,-1,Age,0,0,0
593,0,1,1,Random,1,1,1
594,0,-1,-1,Age,0,0,0
595,0,-1,0,Age + Health,0,0,0
596,0,-1,1,Age + Health,1,0,0
597,1,0,1,Random,1,1,1
598,-1,-1,1,Health,1,1,1
599,-1,0,1,Drinking + Health,0,0,0
600,1,1,0,Random,1,1,1
601,-1,0,1,Drinking + Health,0,0,0
602,0,0,-1,Age + Drinking,1,0,0
603,-1,1,-1,Drinking,1,1,1
604,-1,0,-1,Drinking,0,0,0
605,0,0,-1,Age + Drinking,0,0,0
606,1,0,0,Random,1,0,0
607,-1,1,-1,Drinking,1,1,1
608,1,0,0,Random,1,0,0
609,1,-1,1,Age + Health,1,1,1
610,1,0,-1,Age + Drinking,1,0,1
611,1,-1,-1,Age,1,1,1
612,0,-1,-1,Age,0,0,0
613,-1,1,1,Drinking + Health,1,1,1
614,1,-1,-1,Age,1,1,1
615,1,1,-1,Age + Drinking,1,1,1
616,1,-1,-1,Age,1,1,1
617,0,1,-1,Age + Drinking,1,0,0
618,-1,1,-1,Drinking,1,1,1
619,0,-1,0,Age + Health,0,0,0
620,0,-1,-1,Age,0,0,0
621,1,1,-1,Age + Drinking,1,1,1
622,-1,0,1,Drinking + Health,0,0,0
623,-1,0,1,Drinking + Health,0,0,0
624,-1,-1,1,Health,1,1,1
625,-1,0,-1,Drinking,0,0,0
626,0,-1,1,Age + Health,0,0,0
627,0,1,-1,Age + Drinking,0,0,0
628,1,-1,-1,Age,1,1,1
629,1,-1,0,Age + Health,1,0,1
630,-1,0,-1,Drinking,0,0,0
631,-1,-1,0,Health,0,0,0
632,0,-1,1,Age + Health,1,0,0
633,0,-1,0,Age + Health,0,0,0
634,1,-1,1,Age + Health,1,1,1
635,1,-1,-1,Age,1,1,1
636,-1,0,-1,Drinking,0,0,0
637,0,-1,0,Age + Health,0,0,0
638,0,1,0,Random,1,0,0
639,1,-1,-1,Age,1,1,1
640,-1,0,0,Drinking + Health,0,0,0
641,-1,-1,1,Health,1,1,1
642,-1,0,-1,Drinking,0,0,0
643,1,-1,-1,Age,1,1,1
644,1,-1,0,Age + Health,1,0,1
645,-1,1,1,Drinking + Health,1,1,1
646,-1,1,0,Drinking + Health,1,0,1
647,-1,-1,0,Health,0,0,0
648,-1,0,1,Drinking + Health,1,0,0
649,-1,0,-1,Drinking,0,0,0
650,0,-1,-1,Age,0,0,0
651,0,-1,-1,Age,0,0,0
652,0,-1,-1,Age,0,0,0
653,1,-1,-1,Age,1,1,1
654,-1,1,-1,Drinking,1,1,1
655,-1,1,-1,Drinking,1,1,1
656,0,0,-1,Age + Drinking,0,0,0
657,1,-1,1,Age + Health,1,1,1
658,1,0,-1,Age + Drinking,0,0,1
659,1,-1,-1,Age,1,1,1
660,-1,1,1,Drinking + Health,1,1,1
661,-1,-1,0,Health,0,0,0
662,-1,1,-1,Drinking,1,1,1
663,-1,-1,1,Health,1,1,1
664,-1,1,-1,Drinking,1,1,1
665,0,-1,-1,Age,0,0,0
666,-1,0,1,Drinking + Health,0,0,0
667,0,-1,0,Age + Health,0,0,0
668,-1,-1,1,Health,1,1,1
669,-1,-1,1,Health,0,1,1
670,-1,0,-1,Drinking,0,0,0
671,-1,-1,1,Health,1,1,1
672,0,-1,0,Age + Health,0,0,0
673,-1,1,0,Drinking + Health,0,0,1
674,-1,0,-1,Drinking,0,0,0
675,0,-1,-1,Age,1,0,0
676,0,0,0,Random,0,0,0
677,1,1,-1,Age + Drinking,1,1,1
678,0,1,-1,Age + Drinking,1,0,0
679,1,-1,0,Age + Health,1,0,1
680,1,0,-1,Age + Drinking,0,0,1
681,-1,0,-1,Drinking,0,0,0
682,-1,1,-1,Drinking,1,1,1
683,0,-1,0,Age + Health,0,0,0
684,0,0,1,Random,0,0,0
685,-1,0,-1,Drinking,0,0,0
686,0,0,-1,Age + Drinking,0,0,0
687,1,0,1,Random,1,1,1
688,1,-1,-1,Age,1,1,1
689,1,0,0,Random,1,0,0
690,0,0,-1,Age + Drinking,0,0,0
691,1,-1,-1,Age,1,1,1
692,1,-1,-1,Age,1,1,1
693,0,1,-1,Age + Drinking,0,0,0
694,1,0,1,Random,1,1,1
695,1,0,1,Random,1,1,1
696,1,0,0,Random,0,0,0
697,0,0,1,Random,0,0,0
698,-1,1,1,Drinking + Health,0,1,1
699,-1,-1,1,Health,1,1,1
700,0,-1,0,Age + Health,0,0,0
701,-1,1,1,Drinking + Health,1,1,1
702,-1,-1,1,Health,1,1,1
703,-1,-1,1,Health,0,1,1
704,-1,1,1,Drinking + Health,1,1,1
705,-1,-1,0,Health,0,0,0
706,1,-1,1,Age + Health,1,1,1
707,-1,-1,1,Health,1,1,1
708,1,-1,1,Age + Health,1,1,1
709,-1,1,-1,Drinking,1,1,1
710,-1,-1,1,Health,1,1,1
711,0,0,0,Random,0,0,0
712,1,-1,-1,Age,1,1,1
713,1,1,-1,Age + Drinking,1,1,1
714,-1,-1,1,Health,1,1,1
715,-1,1,-1,Drinking,1,1,1
716,-1,1,-1,Drinking,1,1,1
717,0,0,-1,Age + Drinking,0,0,0
718,0,1,1,Random,0,1,1
719,0,0,1,Random,0,0,0
720,-1,-1,1,Health,1,1,1
721,1,-1,-1,Age,1,1,1
722,-1,0,-1,Drinking,0,0,0
723,0,-1,1,Age + Health,0,0,0
724,0,-1,1,Age + Health,1,0,0
725,0,0,0,Random,0,0,0
726,0,0,-1,Age + Drinking,0,0,0
727,1,-1,1,Age + Health,1,1,1
728,1,-1,-1,Age,1,1,1
729,-1,1,-1,Drinking,1,1,1
730,1,0,0,Random,1,0,0
731,1,-1,-1,Age,0,1,1
732,-1,1,-1,Drinking,1,1,1
733,-1,1,0,Drinking + Health,1,0,1
734,0,0,1,Random,0,0,0
735,1,-1,-1,Age,1,1,1
736,1,-1,-1,Age,1,1,1
737,1,-1,-1,Age,1,1,1
738,-1,-1,1,Health,1,1,1
739,1,-1,0,Age + Health,1,0,1
740,-1,1,0,Drinking + Health,0,0,1
741,1,0,1,Random,0,1,1
742,0,-1,1,Age + Health,0,0,0
743,-1,-1,1,Health,1,1,1
744,-1,1,-1,Drinking,1,1,1
745,1,1,1,Random,0,1,1
746,-1,0,-1,Drinking,0,0,0
747,-1,0,0,Drinking + Health,0,0,0
748,-1,1,1,Drinking + Health,1,1,1
749,-1,1,-1,Drinking,1,1,1
750,-1,1,0,Drinking + Health,1,0,1
751,1,-1,1,Age + Health,1,1,1
752,1,-1,-1,Age,1,1,1
753,1,-1,-1,Age,1,1,1
754,1,-1,-1,Age,1,1,1
755,-1,-1,1,Health,1,1,1
756,0,0,-1,Age + Drinking,0,0,0
757,0,-1,-1,Age,0,0,0
758,0,1,1,Random,0,1,1
759,-1,1,-1,Drinking,0,1,1
760,1,-1,0,Age + Health,1,0,1
761,0,1,1,Random,0,1,1
762,-1,1,0,Drinking + Health,1,0,1
763,-1,-1,1,Health,1,1,1
764,1,-1,0,Age + Health,0,0,1
765,0,-1,-1,Age,0,0,0
766,-1,0,0,Drinking + Health,0,0,0
767,-1,1,-1,Drinking,1,1,1
768,-1,0,-1,Drinking,0,0,0
769,-1,0,-1,Drinking,0,0,0
770,-1,0,1,Drinking + Health,0,0,0
771,0,-1,-1,Age,0,0,0
772,1,0,-1,Age + Drinking,0,0,1
773,-1,1,-1,Drinking,1,1,1
774,-1,0,-1,Drinking,0,0,0
775,0,1,-1,Age + Drinking,1,0,0
776,1,-1,0,Age + Health,1,0,1
777,-1,0,-1,Drinking,0,0,0
778,-1,1,-1,Drinking,1,1,1
779,1,-1,0,Age + Health,1,0,1
780,1,-1,-1,Age,1,1,1
781,-1,-1,1,Health,0,1,1
782,1,-1,0,Age + Health,1,0,1
783,1,-1,-1,Age,1,1,1
784,0,-1,0,Age + Health,0,0,0
785,-1,1,1,Drinking + Health,1,1,1
786,0,1,-1,Age + Drinking,0,0,0
787,-1,0,1,Drinking + Health,0,0,0
788,-1,-1,1,Health,1,1,1
789,-1,-1,1,Health,1,1,1
790,-1,-1,0,Health,0,0,0
791,1,-1,-1,Age,1,1,1
792,1,-1,0,Age + Health,0,0,1
793,0,-1,-1,Age,0,0,0
794,1,0,1,Random,0,1,1
795,-1,0,-1,Drinking,0,0,0
796,1,1,-1,Age + Drinking,1,1,1
797,0,-1,1,Age + Health,0,0,0
798,0,-1,-1,Age,0,0,0
799,1,0,-1,Age + Drinking,1,0,1
800,-1,-1,1,Health,0,1,1
801,-1,-1,1,Health,0,1,1
802,-1,-1,0,Health,0,0,0
803,1,-1,-1,Age,1,1,1
804,-1,0,-1,Drinking,0,0,0
805,-1,0,1,Drinking + Health,0,0,0
806,0,-1,0,Age + Health,0,0,0
807,-1,0,1,Drinking + Health,1,0,0
808,0,1,0,Random,0,0,0
809,0,-1,-1,Age,0,0,0
810,1,-1,-1,Age,1,1,1
811,1,1,1,Random,1,1,1
812,-1,-1,0,Health,0,0,0
813,1,0,1,Random,1,1,1
814,0,1,-1,Age + Drinking,1,0,0
815,0,-1,1,Age + Health,1,0,0
816,-1,1,-1,Drinking,1,1,1
817,-1,-1,1,Health,0,1,1
818,-1,0,-1,Drinking,0,0,0
819,1,-1,1,Age + Health,1,1,1
820,1,-1,-1,Age,1,1,1
821,1,1,-1,Age + Drinking,1,1,1
822,0,-1,0,Age + Health,0,0,0
823,1,-1,-1,Age,1,1,1
824,1,-1,0,Age + Health,1,0,1
825,1,1,0,Random,1,1,1
826,0,1,-1,Age + Drinking,0,0,0
827,1,-1,0,Age + Health,0,0,1
828,1,-1,-1,Age,1,1,1
829,-1,0,0,Drinking + Health,0,0,0
830,-1,1,0,Drinking + Health,0,0,1
831,-1,-1,0,Health,0,0,0
832,-1,-1,1,Health,1,1,1
833,-1,-1,0,Health,1,0,0
834,-1,1,-1,Drinking,1,1,1
835,0,-1,0,Age + Health,0,0,0
836,0,-1,1,Age + Health,0,0,0
837,-1,0,0,Drinking + Health,0,0,0
838,0,0,-1,Age + Drinking,0,0,0
839,-1,1,0,Drinking + Health,1,0,1
840,1,1,-1,Age + Drinking,1,1,1
841,-1,-1,0,Health,0,0,0
842,-1,0,-1,Drinking,0,0,0
843,-1,-1,0,Health,1,0,0
844,-1,0,-1,Drinking,0,0,0
845,0,-1,1,Age + Health,0,0,0
846,-1,0,-1,Drinking,0,0,0
847,-1,-1,1,Health,1,1,1
848,0,0,-1,Age + Drinking,0,0,0
849,0,-1,-1,Age,0,0,0
850,1,1,0,Random,1,1,1
851,1,-1,-1,Age,1,1,1
852,-1,-1,1,Health,1,1,1
853,-1,-1,0,Health,0,0,0
854,-1,0,0,Drinking + Health,0,0,0
855,-1,1,-1,Drinking,1,1,1
856,-1,0,1,Drinking + Health,0,0,0
857,1,-1,0,Age + Health,0,0,1
858,0,0,1,Random,0,0,0
859,0,-1,-1,Age,0,0,0
860,1,-1,1,Age + Health,1,1,1
861,0,1,-1,Age + Drinking,1,0,0
862,-1,0,-1,Drinking,0,0,0
863,-1,-1,1,Health,1,1,1
864,1,-1,-1,Age,1,1,1
865,0,0,-1,Age + Drinking,0,0,0
866,0,-1,0,Age + Health,0,0,0
867,1,1,-1,Age + Drinking,1,1,1
868,1,1,-1,Age + Drinking,1,1,1
869,-1,-1,0,Health,1,0,0
870,1,0,0,Random,1,0,0
871,0,-1,1,Age + Health,0,0,0
872,-1,0,-1,Drinking,0,0,0
873,-1,-1,0,Health,0,0,0
874,0,1,-1,Age + Drinking,0,0,0
875,1,-1,1,Age + Health,1,1,1
876,1,-1,-1,Age,1,1,1
877,0,0,1,Random,0,0,0
878,-1,-1,1,Health,1,1,1
879,-1,0,0,Drinking + Health,0,0,0
880,1,-1,0,Age + Health,0,0,1
881,-1,1,1,Drinking + Health,1,1,1
882,-1,0,1,Drinking + Health,0,0,0
883,1,-1,1,Age + Health,1,1,1
884,1,-1,-1,Age,1,1,1
885,0,0,0,Random,0,0,0
886,-1,0,-1,Drinking,0,0,0
887,-1,1,-1,Drinking,1,1,1
888,0,-1,0,Age + Health,0,0,0
889,-1,0,1,Drinking + Health,0,0,0
890,-1,-1,0,Health,0,0,0
891,0,1,1,Random,1,1,1
892,0,-1,-1,Age,0,0,0
893,1,1,0,Random,1,1,1
894,0,-1,0,Age + Health,0,0,0
895,1,1,0,Random,1,1,1
896,1,1,0,Random,1,1,1
897,-1,1,1,Drinking + Health,1,1,1
898,-1,-1,0,Health,0,0,0
899,-1,0,-1,Drinking,0,0,0
900,-1,0,1,Drinking + Health,1,0,0
901,0,0,0,Random,0,0,0
902,-1,1,1,Drinking + Health,1,1,1
903,-1,-1,1,Health,1,1,1
904,1,0,-1,Age + Drinking,0,0,1
905,-1,1,1,Drinking + Health,1,1,1
906,1,1,0,Random,1,1,1
907,-1,1,-1,Drinking,1,1,1
908,0,-1,1,Age + Health,0,0,0
909,1,-1,-1,Age,1,1,1
910,1,1,-1,Age + Drinking,1,1,1
911,-1,1,0,Drinking + Health,1,0,1
912,-1,1,0,Drinking + Health,1,0,1
913,0,1,-1,Age + Drinking,0,0,0
914,1,-1,-1,Age,1,1,1
915,-1,1,1,Drinking + Health,1,1,1
916,1,1,0,Random,0,1,1
917,-1,-1,0,Health,0,0,0
918,0,1,-1,Age + Drinking,0,0,0
919,0,1,-1,Age + Drinking,0,0,0
920,1,0,-1,Age + Drinking,1,0,1
921,1,-1,0,Age + Health,0,0,1
922,-1,1,-1,Drinking,1,1,1
923,-1,0,-1,Drinking,0,0,0
924,-1,0,-1,Drinking,0,0,0
925,1,1,1,Random,1,1,1
926,1,1,-1,Age + Drinking,1,1,1
927,1,-1,1,Age + Health,1,1,1
928,0,-1,0,Age + Health,0,0,0
929,0,-1,-1,Age,0,0,0
930,1,-1,0,Age + Health,1,0,1
931,0,-1,0,Age + Health,0,0,0
932,1,-1,0,Age + Health,0,0,1
933,1,0,-1,Age + Drinking,0,0,1
934,-1,0,0,Drinking + Health,0,0,0
935,0,0,0,Random,0,0,0
936,0,-1,-1,Age,0,0,0
937,0,0,1,Random,0,0,0
938,0,-1,1,Age + Health,0,0,0
939,1,-1,-1,Age,1,1,1
940,-1,0,0,Drinking + Health,0,0,0
941,-1,1,-1,Drinking,1,1,1
942,0,0,0,Random,0,0,0
943,1,1,-1,Age + Drinking,0,1,1
944,-1,1,-1,Drinking,1,1,1
945,1,0,-1,Age + Drinking,0,0,1
946,1,-1,-1,Age,1,1,1
947,0,1,1,Random,0,1,1
948,1,-1,-1,Age,1,1,1
949,-1,0,-1,Drinking,1,0,0
950,0,-1,1,Age + Health,0,0,0
951,1,1,0,Random,1,1,1
952,1,1,0,Random,0,1,1
953,1,-1,-1,Age,1,1,1
954,-1,1,-1,Drinking,1,1,1
955,1,-1,0,Age + Health,1,0,1
956,-1,1,-1,Drinking,1,1,1
957,-1,1,0,Drinking + Health,1,0,1
958,-1,-1,0,Health,0,0,0
959,-1,-1,0,Health,0,0,0
960,-1,0,-1,Drinking,1,0,0
961,-1,-1,1,Health,1,1,1
962,0,1,-1,Age + Drinking,0,0,0
963,0,-1,1,Age + Health,1,0,0
964,-1,0,-1,Drinking,0,0,0
965,-1,0,0,Drinking + Health,0,0,0
966,0,-1,0,Age + Health,0,0,0
967,-1,0,1,Drinking + Health,0,0,0
968,0,-1,-1,Age,0,0,0
969,1,1,-1,Age + Drinking,1,1,1
970,-1,1,0,Drinking + Health,1,0,1
971,0,1,-1,Age + Drinking,0,0,0
972,1,0,1,Random,1,1,1
973,-1,-1,1,Health,1,1,1
974,-1,-1,1,Health,1,1,1
975,-1,1,0,Drinking + Health,1,0,1
976,1,-1,-1,Age,1,1,1
977,0,1,-1,Age + Drinking,1,0,0
978,-1,-1,0,Health,1,0,0
979,0,-1,0,Age + Health,0,0,0
980,0,-1,-1,Age,0,0,0
981,0,1,0,Random,0,0,0
982,-1,1,-1,Drinking,1,1,1
983,0,0,-1,Age + Drinking,0,0,0
984,0,-1,-1,Age,0,0,0
985,1,0,-1,Age + Drinking,1,0,1
986,-1,0,0,Drinking + Health,0,0,0
987,-1,0,-1,Drinking,0,0,0
988,-1,-1,0,Health,0,0,0
989,-1,1,1,Drinking + Health,1,1,1
990,-1,-1,0,Health,0,0,0
991,-1,0,-1,Drinking,0,0,0
992,-1,0,-1,Drinking,0,0,0
993,-1,1,0,Drinking + Health,1,0,1
994,0,0,0,Random,0,0,0
995,0,1,0,Random,1,0,0
996,-1,1,1,Drinking + Health,1,1,1
997,1,-1,-1,Age,1,1,1
998,-1,-1,1,Health,1,1,1
999,0,-1,-1,Age,0,0,0
1000,0,-1,-1,Age,0,0,0
1001,-1,1,1,Drinking + Health,1,1,1
1002,1,-1,0,Age + Health,1,0,1
1003,-1,-1,1,Health,1,1,1
1004,1,-1,1,Age + Health,1,1,1
1005,-1,1,-1,Drinking,1,1,1
1006,-1,-1,0,Health,0,0,0
1007,1,-1,0,Age + Health,0,0,1
1008,-1,1,0,Drinking + Health,1,0,1
1009,0,1,-1,Age + Drinking,0,0,0
1010,-1,1,-1,Drinking,1,1,1
1011,1,0,0,Random,1,0,0
1012,0,0,1,Random,0,0,0
1013,1,-1,0,Age + Health,1,0,1
1014,-1,0,0,Drinking + Health,0,0,0
1015,1,-1,-1,Age,0,1,1
1016,0,0,-1,Age + Drinking,0,0,0
1017,0,-1,-1,Age,0,0,0
1018,0,-1,-1,Age,0,0,0
1019,0,-1,1,Age + Health,0,0,0
1020,1,0,1,Random,1,1,1
1021,-1,1,1,Drinking + Health,1,1,1
1022,0,-1,0,Age + Health,0,0,0
1023,0,-1,0,Age + Health,0,0,0
1024,-1,0,0,Drinking + Health,0,0,0
1025,1,1,0,Random,1,1,1
1026,0,0,1,Random,0,0,0
1027,0,1,1,Random,0,1,1
1028,1,1,1,Random,1,1,1
1029,1,-1,-1,Age,1,1,1
1030,-1,1,-1,Drinking,1,1,1
1031,0,0,1,Random,0,0,0
1032,1,-1,-1,Age,0,1,1
1033,1,-1,1,Age + Health,1,1,1
1034,0,1,0,Random,1,0,0
1035,1,-1,-1,Age,1,1,1
1036,1,-1,1,Age + Health,1,1,1
1037,-1,1,-1,Drinking,1,1,1
1038,-1,0,0,Drinking + Health,0,0,0
1039,1,1,-1,Age + Drinking,1,1,1
1040,-1,-1,1,Health,0,1,1
1041,0,-1,-1,Age,0,0,0
1042,-1,-1,1,Health,1,1,1
1043,1,-1,-1,Age,1,1,1
1044,-1,1,-1,Drinking,1,1,1
1045,-1,0,1,Drinking + Health,0,0,0
1046,1,-1,-1,Age,1,1,1
1047,-1,-1,0,Health,1,0,0
1048,1,1,-1,Age + Drinking,1,1,1
1049,-1,0,0,Drinking + Health,0,0,0
1050,0,1,1,Random,1,1,1
1051,-1,-1,1,Health,1,1,1
1052,0,-1,1,Age + Health,0,0,0
1053,-1,0,-1,Drinking,0,0,0
1054,0,-1,0,Age + Health,0,0,0
1055,-1,1,-1,Drinking,1,1,1
1056,-1,0,0,Drinking + Health,0,0,0
1057,-1,1,-1,Drinking,1,1,1
1058,0,1,-1,Age + Drinking,1,0,0
1059,-1,-1,1,Health,1,1,1
1060,1,1,-1,Age + Drinking,1,1,1
1061,1,-1,-1,Age,1,1,1
1062,-1,0,0,Drinking + Health,0,0,0
1063,0,1,-1,Age + Drinking,0,0,0
1064,-1,0,1,Drinking + Health,0,0,0
1065,1,-1,0,Age + Health,1,0,1
1066,1,0,-1,Age + Drinking,0,0,1
1067,-1,0,-1,Drinking,0,0,0
1068,1,-1,-1,Age,1,1,1
1069,-1,1,-1,Drinking,1,1,1
1070,0,1,1,Random,0,1,1
1071,-1,-1,0,Health,0,0,0
1072,-1,-1,1,Health,1,1,1
1073,1,0,0,Random,1,0,0
1074,1,0,-1,Age + Drinking,1,0,1
1075,1,1,-1,Age + Drinking,0,1,1
1076,1,0,0,Random,1,0,0
1077,0,1,0,Random,0,0,0
1078,1,1,-1,Age + Drinking,1,1,1
1079,1,-1,1,Age + Health,1,1,1
1080,-1,1,-1,Drinking,1,1,1
1081,0,0,0,Random,0,0,0
1082,1,-1,0,Age + Health,1,0,1
1083,0,1,-1,Age + Drinking,0,0,0
1084,-1,1,-1,Drinking,1,1,1
1085,1,1,0,Random,1,1,1
1086,0,1,-1,Age + Drinking,1,0,0
1087,-1,-1,1,Health,1,1,1
1088,1,-1,0,Age + Health,1,0,1
1089,-1,0,0,Drinking + Health,0,0,0
1090,-1,1,0,Drinking + Health,1,0,1
1091,0,0,-1,Age + Drinking,0,0,0
1092,0,-1,0,Age + Health,0,0,0
1093,-1,-1,1,Health,1,1,1
1094,-1,-1,1,Health,1,1,1
1095,1,0,-1,Age + Drinking,1,0,1
1096,1,-1,1,Age + Health,1,1,1
1097,1,1,-1,Age + Drinking,1,1,1
1098,0,0,-1,Age + Drinking,0,0,0
1099,0,-1,-1,Age,0,0,0
1100,1,1,-1,Age + Drinking,1,1,1
1101,0,0,0,Random,0,0,0
1102,-1,1,1,Drinking + Health,1,1,1
1103,0,-1,-1,Age,1,0,0
1104,0,-1,-1,Age,0,0,0
1105,1,-1,-1,Age,1,1,1
1106,-1,0,-1,Drinking,0,0,0
1107,-1,0,0,Drinking + Health,0,0,0
1108,1,1,0,Random,1,1,1
1109,-1,1,1,Drinking + Health,1,1,1
1110,-1,1,-1,Drinking,1,1,1
1111,-1,-1,1,Health,0,1,1
1112,-1,1,1,Drinking + Health,1,1,1
1113,1,-1,-1,Age,1,1,1
1114,0,1,-1,Age + Drinking,1,0,0
1115,-1,1,1,Drinking + Health,1,1,1
1116,-1,1,1,Drinking + Health,1,1,1
1117,1,1,0,Random,1,1,1
1118,-1,0,-1,Drinking,0,0,0
1119,0,-1,-1,Age,0,0,0
1120,0,1,-1,Age + Drinking,1,0,0
1121,-1,-1,0,Health,0,0,0
1122,-1,1,-1,Drinking,0,1,1
1123,-1,1,-1,Drinking,1,1,1
1124,1,-1,-1,Age,1,1,1
1125,0,1,-1,Age + Drinking,1,0,0
1126,0,1,0,Random,0,0,0
1127,-1,1,0,Drinking + Health,1,0,1
1128,0,1,-1,Age + Drinking,0,0,0
1129,-1,-1,0,Health,0,0,0
1130,1,0,0,Random,0,0,0
1131,1,1,1,Random,1,1,1
1132,0,-1,-1,Age,0,0,0
1133,-1,0,-1,Drinking,0,0,0
1134,1,-1,0,Age + Health,1,0,1
1135,1,1,1,Random,1,1,1
1136,-1,0,0,Drinking + Health,0,0,0
1137,-1,-1,1,Health,1,1,1
1138,-1,1,-1,Drinking,1,1,1
1139,-1,-1,1,Health,1,1,1
1140,0,-1,1,Age + Health,0,0,0
1141,1,-1,1,Age + Health,1,1,1
1142,0,0,-1,Age + Drinking,0,0,0
1143,1,0,-1,Age + Drinking,1,0,1
1144,0,-1,1,Age + Health,0,0,0
1145,-1,1,0,Drinking + Health,1,0,1
1146,0,0,1,Random,0,0,0
1147,-1,-1,1,Health,1,1,1
1148,-1,1,-1,Drinking,1,1,1
1149,0,-1,-1,Age,0,0,0
1150,1,1,1,Random,1,1,1
1151,-1,0,0,Drinking + Health,0,0,0
1152,0,0,0,Random,0,0,0
1153,0,0,0,Random,0,0,0
1154,0,-1,-1,Age,0,0,0
1155,1,0,-1,Age + Drinking,1,0,1
1156,1,-1,-1,Age,1,1,1
1157,1,-1,-1,Age,1,1,1
1158,-1,0,-1,Drinking,0,0,0
1159,1,0,0,Random,0,0,0
1160,0,1,0,Random,1,0,0
1161,0,-1,0,Age + Health,0,0,0
1162,-1,-1,0,Health,0,0,0
1163,0,-1,-1,Age,0,0,0
1164,-1,-1,1,Health,1,1,1
1165,1,-1,0,Age + Health,1,0,1
1166,-1,-1,0,Health,0,0,0
1167,-1,1,-1,Drinking,1,1,1
1168,-1,-1,1,Health,0,1,1
1169,1,0,-1,Age + Drinking,1,0,1
1170,-1,-1,1,Health,1,1,1
1171,1,-1,0,Age + Health,0,0,1
1172,0,0,1,Random,0,0,0
1173,0,1,0,Random,0,0,0
1174,1,-1,0,Age + Health,0,0,1
1175,0,0,-1,Age + Drinking,0,0,0
1176,1,-1,1,Age + Health,1,1,1
1177,-1,1,1,Drinking + Health,1,1,1
1178,0,-1,1,Age + Health,1,0,0
1179,1,-1,-1,Age,1,1,1
1180,0,1,-1,Age + Drinking,0,0,0
1181,1,0,-1,Age + Drinking,1,0,1
1182,-1,0,-1,Drinking,0,0,0
1183,1,1,-1,Age + Drinking,1,1,1
1184,-1,0,1,Drinking + Health,0,0,0
1185,1,-1,-1,Age,1,1,1
1186,0,0,-1,Age + Drinking,0,0,0
1187,-1,-1,1,Health,1,1,1
1188,1,0,0,Random,0,0,0
1189,1,1,1,Random,1,1,1
1190,1,1,-1,Age + Drinking,0,1,1
1191,0,0,0,Random,0,0,0
1192,1,0,-1,Age + Drinking,1,0,1
1193,1,-1,0,Age + Health,1,0,1
1194,0,-1,-1,Age,0,0,0
1195,-1,1,-1,Drinking,1,1,1
1196,0,-1,-1,Age,0,0,0
1197,-1,1,-1,Drinking,1,1,1
1198,-1,0,-1,Drinking,0,0,0
1199,-1,-1,0,Health,0,0,0
1200,1,1,-1,Age + Drinking,1,1,1
1201,-1,1,-1,Drinking,1,1,1
1202,0,-1,0,Age + Health,0,0,0
1203,-1,-1,0,Health,0,0,0
1204,1,-1,-1,Age,1,1,1
1205,0,-1,1,Age + Health,0,0,0
1206,1,-1,-1,Age,1,1,1
1207,0,1,0,Random,1,0,0
1208,0,-1,-1,Age,0,0,0
1209,0,0,1,Random,0,0,0
1210,-1,-1,0,Health,0,0,0
1211,0,0,0,Random,0,0,0
1212,1,-1,-1,Age,1,1,1
1213,1,-1,-1,Age,1,1,1
1214,-1,0,1,Drinking + Health,0,0,0
1215,1,-1,0,Age + Health,1,0,1
1216,0,-1,1,Age + Health,1,0,0
1217,1,1,0,Random,1,1,1
1218,-1,0,-1,Drinking,0,0,0
1219,1,-1,-1,Age,1,1,1
1220,0,-1,-1,Age,0,0,0
1221,0,-1,1,Age + Health,0,0,0
1222,1,0,1,Random,0,1,1
1223,1,-1,0,Age + Health,1,0,1
1224,0,1,0,Random,0,0,0
1225,0,1,0,Random,1,0,0
1226,0,1,1,Random,0,1,1
1227,0,1,1,Random,1,1,1
1228,0,1,0,Random,0,0,0
1229,0,-1,-1,Age,0,0,0
1230,-1,1,-1,Drinking,1,1,1
1231,-1,1,-1,Drinking,1,1,1
1232,-1,-1,1,Health,1,1,1
1233,1,0,0,Random,1,0,0
1234,1,1,1,Random,1,1,1
1235,0,0,0,Random,0,0,0
1236,0,-1,-1,Age,1,0,0
1237,1,1,-1,Age + Drinking,1,1,1
1238,0,1,0,Random,1,0,0
1239,1,0,0,Random,1,0,0
1240,1,0,0,Random,1,0,0
1241,0,-1,0,Age + Health,0,0,0
1242,1,-1,-1,Age,1,1,1
1243,0,-1,1,Age + Health,0,0,0
1244,0,1,-1,Age + Drinking,0,0,0
1245,-1,-1,1,Health,1,1,1
1246,1,0,0,Random,0,0,0
1247,-1,1,0,Drinking + Health,1,0,1
1248,0,1,-1,Age + Drinking,0,0,0
1249,-1,-1,0,Health,0,0,0
1250,1,1,-1,Age + Drinking,1,1,1
1251,0,-1,-1,Age,0,0,0
1252,-1,0,0,Drinking + Health,0,0,0
1253,-1,-1,0,Health,0,0,0
1254,0,1,1,Random,1,1,1
1255,0,1,0,Random,1,0,0
1256,-1,1,-1,Drinking,1,1,1
1257,0,-1,-1,Age,0,0,0
1258,1,-1,1,Age + Health,1,1,1
1259,1,1,-1,Age + Drinking,1,1,1
1260,0,-1,-1,Age,0,0,0
1261,1,0,-1,Age + Drinking,1,0,1
1262,0,0,-1,Age + Drinking,0,0,0
1263,1,-1,0,Age + Health,1,0,1
1264,-1,-1,0,Health,0,0,0
1265,-1,1,0,Drinking + Health,0,0,1
1266,1,-1,-1,Age,1,1,1
1267,-1,1,-1,Drinking,1,1,1
1268,-1,0,-1,Drinking,0,0,0
1269,0,1,-1,Age + Drinking,0,0,0
1270,1,0,0,Random,1,0,0
1271,1,-1,-1,Age,0,1,1
1272,-1,1,0,Drinking + Health,1,0,1
1273,0,-1,1,Age + Health,0,0,0
1274,0,-1,-1,Age,0,0,0
1275,0,0,-1,Age + Drinking,0,0,0
1276,-1,0,-1,Drinking,1,0,0
1277,0,-1,-1,Age,0,0,0
1278,0,-1,-1,Age,0,0,0
1279,-1,1,-1,Drinking,1,1,1
1280,-1,-1,1,Health,1,1,1
1281,-1,0,1,Drinking + Health,0,0,0
1282,0,-1,-1,Age,0,0,0
1283,-1,0,0,Drinking + Health,0,0,0
1284,0,-1,0,Age + Health,0,0,0
1285,0,0,-1,Age + Drinking,0,0,0
1286,0,-1,1,Age + Health,0,0,0
1287,1,1,0,Random,1,1,1
1288,0,0,0,Random,0,0,0
1289,0,0,-1,Age + Drinking,0,0,0
1290,0,-1,0,Age + Health,0,0,0
1291,-1,1,-1,Drinking,1,1,1
1292,-1,1,-1,Drinking,1,1,1
1293,1,1,-1,Age + Drinking,1,1,1
1294,0,-1,0,Age + Health,0,0,0
